{
  "results": [
    {
      "resume_id": "Shashank_Vats_Resume.pdf",
      "answers": [
        {
          "criterion_id": "programming_proficiency",
          "question": "Does the candidate demonstrate proficiency in programming languages like Python or JavaScript?",
          "answer": "yes",
          "reasons": [
            "Candidate lists Python as a programming language.",
            "Extensive use of Python in AI projects."
          ]
        },
        {
          "criterion_id": "curiosity_and_learning",
          "question": "Does the candidate show evidence of curiosity and proactive learning in AI or related fields?",
          "answer": "yes",
          "reasons": [
            "Participation in AI Agents Hackathon.",
            "Engagement with evolving technologies like LLaMA."
          ]
        },
        {
          "criterion_id": "problem_solving_skills",
          "question": "Does the candidate exhibit strong analytical and problem-solving skills through past experiences?",
          "answer": "yes",
          "reasons": [
            "Developed AI-powered solutions for complex industry challenges.",
            "Implemented analysis pipelines for business metrics."
          ]
        },
        {
          "criterion_id": "effective_communication",
          "question": "Does the candidate have demonstrated effective verbal and written communication skills?",
          "answer": "yes",
          "reasons": [
            "Experience presenting actionable insights to CXO-level executives.",
            "Clear documentation of technical projects."
          ]
        },
        {
          "criterion_id": "ai_methodologies_familiarity",
          "question": "Is the candidate familiar with AI methodologies such as machine learning or deep learning?",
          "answer": "yes",
          "reasons": [
            "Expertise in NLP and Generative AI.",
            "Experience with machine learning models and frameworks."
          ]
        },
        {
          "criterion_id": "creative_solution_approach",
          "question": "Has the candidate demonstrated a creative approach to problem-solving in their projects?",
          "answer": "yes",
          "reasons": [
            "Developed RAG-based chatbot solution.",
            "Utilized advanced generative AI models for innovative products."
          ]
        },
        {
          "criterion_id": "independent_work",
          "question": "Does the candidate provide examples of working independently on projects or tasks?",
          "answer": "yes",
          "reasons": [
            "Lead AI Engineer responsible for key projects.",
            "Developed multiple independent solutions in various domains."
          ]
        },
        {
          "criterion_id": "interest_in_game_development",
          "question": "Does the candidate express a genuine interest in game development and enhancing player experience?",
          "answer": "no",
          "reasons": [
            "Experience is focused on retail and general AI applications.",
            "No direct references to game development."
          ]
        }
      ],
      "yes_count": 6,
      "no_count": 1,
      "majority_pass": true
    }
  ]
}